All Public Libraries Monthly Salary Ranges,,,,,,,,,,,,,,,,,,,,,
Location,Beginning Salary for Library Director,Final Salary for Library Director,Beginning Salary for Assistant Director,Final Salary for Assistant Director,Beginning Salary for Chief Library Division,Final Salary for Chief Library Division,Beginning Salary for Clerk,Final Salary for Clerk,Beginning Salary for Information Technology Specialist,Final Salary for Information Technology Specialist,Beginning Salary for Librarian I,Final Salary for Librarian I,Beginning Salary for Librarian II,Final Salary for Librarian II,Beginning Salary for Librarian III,Final Salary for Librarian III,Beginning Salary for Library Assistant,Final Salary for Library Assistant,Beginning Salary for Manager of Special Library Service (non-MLS),Final Salary for Manager of Special Library Service (non-MLS),2.1 Population of The Legal Service Area
A. K. SMILEY PUBLIC LIBRARY,"$14,905","$14,905",,,"$11,157","$11,157","$3,607","$3,607","$7,485","$7,485",,,"$6,576","$6,576","$6,883","$6,883","$3,939","$4,718","$6,306","$6,306","71,154"
ALAMEDA COUNTY LIBRARY,"$12,998","$18,196","$11,675","$14,208","$10,275","$12,448","$4,225","$4,753","$4,931","$5,185","$5,543","$6,345","$5,890","$6,782","$6,035","$7,270","$4,711","$5,605",,"$11,090","584,585"
ALAMEDA FREE LIBRARY,"$14,849","$18,050",,,"$8,908","$10,828","$3,416","$4,805","$8,079","$9,820","$4,158","$5,850",,,"$4,580","$6,446",,,"$6,330","$7,694","80,884"
ALHAMBRA CIVIC CENTER LIBRARY,"$10,772","$14,023","$7,418","$9,657",,,"$3,393","$4,418",,,"$4,861","$6,328","$5,371","$6,992",,,"$3,979","$5,180",,,"86,258"
ALPINE COUNTY LIBRARY/ARCHIVES,"$5,423","$5,423",,,,,,,,,,,,,,,,,,,"1,135"
ALTADENA LIBRARY DISTRICT,"$11,667","$14,890","$8,257","$10,538","$8,055","$10,281","$3,394","$4,332",,,"$5,562","$7,099",,,,,"$4,136","$5,278","$6,450","$8,232","43,080"
AMADOR COUNTY LIBRARY,"$8,250","$8,891",,,,,"$1,317","$1,724",,,,,,,,,"$3,353","$3,609","$2,833","$2,833","37,377"
ANAHEIM PUBLIC LIBRARY,"$9,617","$13,824",,,"$7,535","$10,831","$3,097","$3,954",,,"$5,240","$6,687","$6,053","$7,356","$6,602","$8,025","$4,950","$6,018",,,"353,468"
ARCADIA PUBLIC LIBRARY,"$10,652","$13,303",,,"$8,117","$10,139","$3,584","$4,475","$4,939","$6,169","$4,939","$6,169","$5,589","$6,979","$6,979","$8,716","$4,157","$5,190","$4,702","$5,871","57,660"
AZUSA CITY LIBRARY,"$13,267","$13,267","$6,899","$8,386","$5,749","$6,989",,,,,"$5,227","$6,353",,,,,"$3,614","$4,393","$4,568","$5,553","49,587"
BANNING LIBRARY DISTRICT,"$7,794","$9,572",,,,,"$3,074","$3,640",,,,,,,,,"$2,692","$3,176","$4,434","$4,928","34,905"
BEAUMONT LIBRARY DISTRICT,"$11,220","$11,672",,,,,"$2,756","$3,666",,,"$5,110","$6,796",,,"$5,876","$7,816",,,,,"60,653"
BELVEDERE-TIBURON LIBRARY,"$14,820","$15,265","$8,229","$8,578","$8,806","$9,180","$5,715","$5,957","$7,638","$7,867","$7,119","$7,421","$8,201","$8,447","$9,100","$9,373","$5,491","$5,655","$9,406","$9,688","11,522"
BENICIA PUBLIC LIBRARY,"$11,126","$13,524","$6,813","$8,281","$5,924","$7,201","$3,469","$4,217",,,"$4,683","$5,692","$5,152","$6,261",,,"$3,816","$4,638","$4,502","$5,472","27,111"
BERKELEY PUBLIC LIBRARY,"$13,521","$18,588","$10,732","$14,103","$9,029","$10,880","$3,528","$4,129","$7,195","$8,541","$6,201","$7,435","$6,823","$8,118","$8,129","$9,793","$4,522","$5,375","$8,565","$10,318","116,761"
BEVERLY HILLS PUBLIC LIBRARY,"$11,349","$14,099",,,"$10,274","$12,764","$4,382","$5,429","$5,733","$7,102","$5,907","$7,317","$6,460","$8,003","$7,110","$8,833","$4,988","$6,178","$6,631","$8,239","33,399"
BLANCHARD/SANTA PAULA PUBLIC LIBRARY DISTRICT,"$8,500","$8,500",,,,,"$2,253",,"$5,427","$5,588","$2,310","$3,780","$2,841","$6,048","$4,923","$6,552","$2,276","$2,772","$4,545","$6,048","30,691"
BRAWLEY PUBLIC LIBRARY,"$4,388","$5,755",,,,,"$1,394","$1,805",,,,,,,,,"$1,633","$2,155",,,"27,326"
BUENA PARK LIBRARY DISTRICT,"$9,291","$12,716",,,,,"$2,915","$3,990","$5,531","$7,569","$4,912","$6,722","$5,531","$7,569",,,"$3,578","$4,897","$5,531","$7,569","81,626"
BURBANK PUBLIC LIBRARY,"$12,002","$15,783","$9,757","$12,831","$6,240","$8,206","$2,962","$4,084",,,"$4,756","$6,556",,,"$5,136","$7,081","$3,894","$5,368","$6,866","$9,028","103,969"
BURLINGAME PUBLIC LIBRARY,"$14,203","$17,302",,,,,"$2,400","$2,880",,,"$6,162","$7,441","$6,784","$8,238","$8,390","$10,187","$4,719","$5,734","$6,618","$7,990","37,340"
BUTTE COUNTY LIBRARY,"$8,572","$10,477","$5,840","$7,824",,,,,"$4,754","$6,368","$3,363","$4,506",,,,,"$2,310","$3,334","$4,200","$5,632","202,669"
CALABASAS CITY LIBRARY,"$7,311","$9,502",,,,,,,"$5,086","$6,353",,,,,"$5,560","$6,944","$4,742","$5,922","$4,696","$5,864","24,341"
CALAVERAS COUNTY LIBRARY,"$6,910","$6,910",,,,,"$2,601","$2,866",,,,,,,,,,,"$3,475","$3,702","45,036"
CAMARENA MEMORIAL PUBLIC LIBRARY,,,,,,,,,,,,,"$2,427","$2,910",,,"$2,427","$2,769","$5,407","$6,572","40,485"
CAMARILLO PUBLIC LIBRARY*,Unavailable,Unavailable,Unavailable,Unavailable,Unavailable,Unavailable,Unavailable,Unavailable,Unavailable,Unavailable,Unavailable,Unavailable,Unavailable,Unavailable,Unavailable,Unavailable,Unavailable,Unavailable,Unavailable,Unavailable,"69,708"
CARLSBAD CITY LIBRARY,"$10,605","$15,159","$9,036","$13,094",,,"$2,834","$3,819","$7,363","$9,636","$4,850","$6,344","$5,250","$6,871","$5,801","$7,587","$3,562","$5,198","$5,817","$7,981","115,501"
CERRITOS PUBLIC LIBRARY,"$9,567","$11,947",,,"$5,419","$6,769","$4,131","$5,075","$5,562","$6,935","$5,562","$6,935","$6,614","$8,247",,,"$4,428","$5,426","$6,126","$7,649","50,048"
CHULA VISTA PUBLIC LIBRARY,"$12,621","$15,341",,,"$7,160","$8,703",,,,,"$4,346","$5,283","$4,781","$5,812","$5,685","$6,901","$3,907","$4,750",,,"274,449"
CITY OF COMMERCE PUBLIC LIBRARY,"$12,631","$15,390",,,"$6,685","$8,143",,,,,"$6,054","$7,374",,,,,"$4,285","$5,220","$6,257","$8,143","12,792"
COALINGA-HURON LIBRARY DISTRICT,"$5,555","$5,777",,,,,"$2,040","$2,363",,,,,"$3,974","$4,093",,,"$2,480","$2,555",,,"24,152"
COLTON PUBLIC LIBRARY,,,,,,,"$2,433","$2,817",,,,,,,,,"$2,797","$3,238","$5,711","$8,157","54,198"
COLUSA COUNTY FREE LIBRARY,"$7,054","$12,671",,,,,,,,,"$3,195","$5,751","$3,195","$4,339",,"$4,027",,"$3,646","$3,862","$6,946","22,248"
CONTRA COSTA COUNTY LIBRARY,"$12,568","$16,842",,,"$11,196","$13,609","$3,302","$4,097","$5,225","$7,354","$4,949","$6,320","$5,674","$7,246","$6,551","$8,687","$3,638","$5,685","$8,929","$10,853","1,043,724"
CORONA PUBLIC LIBRARY,"$12,558","$15,330","$11,030","$11,222",,,"$2,623","$3,202",,,"$3,870","$4,725","$4,255","$5,194","$4,562","$5,570","$3,001","$3,663","$8,639","$10,546","169,454"
CORONADO PUBLIC LIBRARY,"$10,250","$14,080","$6,010","$8,068","$5,236","$7,016",,,,,"$4,358","$5,560","$4,780","$6,100",,,"$4,600","$6,166",,,"22,357"
COVINA PUBLIC LIBRARY,"$10,601","$14,215",,,"$7,868","$10,544","$2,727","$3,314",,,,,,,,,"$3,713","$4,739","$6,110","$8,188","48,833"
CROWELL PUBLIC LIBRARY,"$7,804","$9,730",,,,,"$3,372","$4,098",,,"$3,985","$4,862","$5,298","$6,439","$5,685","$6,909",,,,,"12,961"
DALY CITY PUBLIC LIBRARY,"$14,879","$18,085","$10,749","$13,065",,,"$4,212","$5,126",,,"$6,008","$7,303","$6,606","$8,029","$6,982","$7,374","$4,940","$6,004","$5,654","$6,873","108,599"
DEL NORTE COUNTY LIBRARY DISTRICT,"$3,520","$4,359",,,,,"$1,254","$1,400",,,,,,,,,"$1,129","$1,300","$1,504","$1,700","26,949"
DOWNEY CITY LIBRARY,"$9,869","$12,226","$6,843","$8,730","$6,142","$7,609","$2,426","$2,600",,,"$5,231","$6,480","$5,676","$7,030",,,"$3,279","$4,062","$4,490","$5,686","111,425"
EL CENTRO PUBLIC LIBRARY,"$7,917","$8,333",,,,,"$1,120","$1,120",,,,,"$4,827","$6,565",,,"$2,578","$3,464","$4,827","$6,565","44,997"
EL DORADO COUNTY LIBRARY,"$10,156","$12,345",,,,,"$2,427","$2,427","$5,506","$6,694","$4,096","$4,980","$4,552","$5,531",,,"$3,333","$4,050","$4,157","$5,053","195,362"
EL SEGUNDO PUBLIC LIBRARY,"$11,499","$14,186",,,"$7,796","$9,356","$1,240","$1,507",,,"$6,468","$7,862","$7,275","$8,730",,,"$4,323","$5,255",,,"16,660"
ESCONDIDO PUBLIC LIBRARY,,,,,,,,,,,,,,,,,,,,,"151,688"
FOLSOM PUBLIC LIBRARY,"$10,000","$12,500",,,,,,,,,"$4,267","$6,402",,,"$5,488","$7,593","$2,980","$4,124",,,"82,303"
FRESNO COUNTY PUBLIC LIBRARY,"$10,276","$16,476","$7,745","$13,693","$6,624","$12,039","$2,080","$2,660","$4,144","$5,037","$3,936","$5,033","$4,337","$5,553","$4,935","$6,313","$3,083","$3,941","$6,109","$10,628","1,002,529"
FULLERTON PUBLIC LIBRARY,"$10,000","$10,889",,,"$7,557","$7,783","$3,478","$3,583","$4,082","$4,286","$5,376","$5,537","$6,424","$6,746",,,"$3,972","$4,091",,,"139,431"
"GLENDALE LIBRARY, ARTS & CULTURE","$10,377","$16,641","$9,266","$13,478","$6,361","$9,255","$3,486","$5,350","$5,034","$7,726","$4,576","$7,023","$5,034","$7,726","$5,784","$8,414","$3,495","$5,374","$6,383","$9,285","203,834"
GLENDORA LIBRARY & CULTURAL CENTER,"$10,946","$13,670",,,"$7,350","$8,934","$3,237","$3,935",,,"$4,212","$5,120","$4,634","$5,632",,,"$3,561","$4,328","$5,127","$6,232","51,540"
GOLETA VALLEY LIBRARY,"$12,516","$15,974",,,,,,,,,"$4,747","$6,058","$5,126","$6,543",,,"$3,554","$4,536","$7,532","$9,613","103,106"
HARRISON MEMORIAL LIBRARY,"$9,994","$12,147",,,"$4,856","$5,903","$3,783","$4,600",,,"$4,934","$5,342",,,,,"$4,806","$5,844",,,"4,023"
HAYWARD PUBLIC LIBRARY,"$16,182","$16,506",,,"$9,015","$9,195",,,,,"$6,051","$6,293","$6,661","$6,928","$8,588","$8,760","$4,862","$5,080","$8,588","$8,760","158,089"
HEMET PUBLIC LIBRARY,"$5,226","$5,590",,,,,"$2,735","$4,049",,,"$4,299","$5,487","$4,864","$6,207",,,"$3,500","$4,813",,,"84,525"
HUMBOLDT COUNTY LIBRARY,"$10,466",,"$6,239","$8,006","$5,563","$7,138","$2,278","$3,027",,,"$2,997","$3,846","$3,429","$4,400","$4,228","$5,426","$2,278","$3,027","$5,847","$7,503","130,851"
HUNTINGTON BEACH PUBLIC LIBRARY,"$9,119","$11,294","$7,141","$8,849","$6,148","$7,616","$3,642","$4,510",,,"$5,215","$6,460",,,,,"$4,337","$5,372","$5,215","$6,460","196,874"
IMPERIAL COUNTY LIBRARY,"$8,032","$10,253",,,,,"$2,241","$2,868",,,,,,,,,"$2,527","$3,228","$3,356","$4,293","52,937"
IMPERIAL PUBLIC LIBRARY,,,,,,,,,,,,,,,,,"$1,221","$1,221",,,"20,289"
INGLEWOOD PUBLIC LIBRARY,"$9,556","$16,518",,,,,"$2,098","$4,247",,,"$1,920","$2,720","$4,486","$6,354","$5,055","$7,160","$3,622","$5,131","$9,092","$12,880","110,159"
INYO COUNTY FREE LIBRARY,"$4,981","$6,050",,,"$3,758","$4,564","$2,708","$3,454",,,"$3,262","$3,968",,,"$3,499","$4,251","$2,975","$3,619",,,"18,563"
IRWINDALE PUBLIC LIBRARY,"$6,801","$8,267",,,,,"$2,662","$2,846",,,,,,,,,"$3,242","$3,941",,,"1,441"
KERN COUNTY LIBRARY,"$8,460","$10,239","$5,649","$6,896","$5,649","$6,896","$2,442","$2,982",,,"$3,751","$4,579","$3,942","$4,813","$4,605","$5,621","$2,865","$3,498","$5,850","$7,141","914,193"
KINGS COUNTY LIBRARY,"$10,000","$13,500","$5,753","$7,022",,,"$2,607","$3,182","$4,354","$5,311","$4,061","$4,954","$4,486","$5,472","$4,954","$6,048","$2,607","$3,883","$3,902","$4,761","152,543"
LA COUNTY LIBRARY,"$17,445","$27,130","$14,042","$21,839","$12,151","$18,898","$2,899","$3,997","$9,781","$15,212","$5,242","$7,063","$5,533","$7,457","$5,842","$7,873","$3,678","$4,952","$9,781","$15,212","3,338,382"
LAKE COUNTY LIBRARY,"$6,521","$7,925",,,,,"$2,426","$2,950",,,,,,,,,"$2,613","$3,177","$2,884","$3,506","63,940"
LARKSPUR PUBLIC LIBRARY,"$9,075","$12,169",,,,,,,,,"$5,905","$7,537","$6,350","$8,104",,,"$3,991","$5,094","$5,089","$6,496","12,194"
LASSEN LIBRARY DISTRICT,"$1,600","$1,600",,,,,,,,,,,,,,,"$1,079","$1,154","$4,186","$4,412","12,729"
LINCOLN PUBLIC LIBRARY,"$8,088","$10,839",,,,,,,"$4,581","$6,139","$4,117","$5,517","$4,539","$6,083",,,"$3,302","$4,426","$5,450","$7,303","49,624"
LIVERMORE PUBLIC LIBRARY,"$14,969","$18,711",,,"$7,040","$8,800","$4,486","$5,453",,,"$5,450","$6,254","$6,059","$7,365",,,"$5,122","$6,226","$5,764","$7,007","91,216"
LODI PUBLIC LIBRARY,"$10,712","$10,712",,,,,,,,,,,,,,,"$3,245","$3,947",,,"68,751"
LOMPOC PUBLIC LIBRARY,"$7,900","$10,600",,,"$4,848","$5,839",,,,,"$4,547","$5,474",,,,,"$3,661","$4,397","$4,156","$4,998","55,656"
LONG BEACH PUBLIC LIBRARY,"$17,784","$18,500","$10,926","$11,366","$10,422","$10,843","$4,190","$4,458","$6,634","$6,985","$5,506","$5,857",,,"$6,687","$7,322","$3,931","$4,295","$9,280","$9,654","467,730"
LOOMIS LIBRARY & COMMUNITY LEARNING CENTER,"$5,456","$6,632",,,,,,,,,,,,,,,"$3,460","$4,005",,,"6,808"
LOS ANGELES PUBLIC LIBRARY,"$21,475","$21,475","$12,418","$18,155","$10,847","$15,857","$3,313","$4,841","$6,180","$9,039","$5,495","$6,826","$5,475","$8,004","$5,954","$8,707","$4,089","$5,979","$6,461","$9,446","3,923,341"
LOS GATOS LIBRARY,"$12,170","$16,429",,,"$7,998","$10,798","$4,443","$5,772",,,"$6,422","$8,296",,,,,"$4,740","$6,151",,,"30,836"
MADERA COUNTY LIBRARY,"$9,467","$11,507",,,,,"$2,427","$2,848",,,"$3,634","$4,417","$4,220","$5,129",,,"$2,734","$3,323",,,"158,474"
MARIN COUNTY FREE LIBRARY,"$15,320","$16,889","$10,587","$12,870","$9,370","$11,226","$3,370","$4,005","$8,723","$10,452","$5,594","$6,669","$6,275","$7,470","$8,292","$9,866","$4,181","$4,941","$8,588","$10,398","140,448"
MARIPOSA COUNTY LIBRARY,"$8,068","$8,068",,,,,,,,,,,,,,,"$3,184","$3,184",,,"18,037"
MENDOCINO COUNTY LIBRARY,"$9,180","$11,159",,,,,"$2,289","$2,782","$3,829","$4,654","$3,920","$4,766","$4,326","$5,259","$4,770","$5,798","$2,935","$3,567","$5,606","$7,899","86,669"
MENLO PARK PUBLIC LIBRARY,"$13,029","$18,953","$10,791","$15,162","$7,804","$9,408",,,,,"$6,034","$7,249","$6,769","$8,154",,,"$4,703","$6,761","$10,546","$14,204","34,825"
MERCED COUNTY LIBRARY,"$10,794","$13,066","$8,240","$10,020","$6,391","$7,772","$2,933","$3,839",,,"$4,013","$4,881","$4,425","$5,384",,,"$3,316","$4,339","$5,410","$6,583","284,836"
MILL VALLEY PUBLIC LIBRARY,"$14,367","$14,367","$7,429","$9,953","$6,018","$8,067","$3,325","$4,461",,,"$4,531","$6,073",,,,,"$3,325","$4,461","$3,325","$4,461","14,550"
MISSION VIEJO LIBRARY,"$11,145","$15,458",,,"$8,685","$12,147","$2,780","$3,828",,,"$4,172","$5,889","$4,610","$6,506",,,"$3,683","$5,198",,,"94,119"
MODOC COUNTY LIBRARY,"$5,045","$5,045",,,,,,,,,,,"$1,971","$2,517",,,,,,,"9,491"
MONO COUNTY FREE LIBRARY,"$8,409","$8,752",,,"$5,193","$7,334",,,,,"$4,483","$6,323","$4,706","$6,648","$4,946","$6,988","$3,504","$4,479",,,"13,295"
MONROVIA PUBLIC LIBRARY,"$9,345","$12,523",,,"$6,403","$8,580","$1,364","$1,828",,,"$5,247","$7,032",,,,,"$2,155","$2,889","$5,796","$7,768","38,479"
MONTEREY COUNTY FREE LIBRARIES,"$14,644","$15,376","$10,749","$11,826","$8,905","$9,351","$3,881","$4,076","$5,549","$5,827","$2,568","$2,696","$3,084","$3,238","$3,559","$3,737","$1,940","$2,037","$8,314","$8,730","229,171"
MONTEREY PARK BRUGGEMEYER LIBRARY,"$9,639","$12,381",,,"$6,130","$7,841",,,,,"$5,184","$6,631",,,,,"$3,807","$4,870",,,"60,380"
MONTEREY PUBLIC LIBRARY,"$15,582","$15,582",,,"$8,426","$10,234","$4,164","$5,060","$5,366","$6,518","$5,696","$6,918",,,,,,,,,"28,382"
MOORPARK CITY LIBRARY*,Unavailable,Unavailable,Unavailable,Unavailable,Unavailable,Unavailable,Unavailable,Unavailable,Unavailable,Unavailable,Unavailable,Unavailable,Unavailable,Unavailable,Unavailable,Unavailable,Unavailable,Unavailable,Unavailable,Unavailable,"35,981"
MORENO VALLEY PUBLIC LIBRARY*,Unavailable,Unavailable,Unavailable,Unavailable,Unavailable,Unavailable,Unavailable,Unavailable,Unavailable,Unavailable,Unavailable,Unavailable,Unavailable,Unavailable,Unavailable,Unavailable,Unavailable,Unavailable,Unavailable,Unavailable,"209,426"
MOUNTAIN VIEW PUBLIC LIBRARY,"$14,154","$22,722",,,"$9,620","$14,430",,,,,"$6,237","$8,438","$6,886","$9,317","$7,573","$10,246","$5,891","$7,158",,,"82,814"
MURRIETA PUBLIC LIBRARY,"$11,208","$13,624",,,"$6,295","$7,651",,,,,,,"$5,733","$6,969",,,"$3,250","$3,950","$8,466","$10,290","115,172"
NAPA COUNTY LIBRARY,"$12,865","$15,184","$9,601","$11,669",,,"$4,252","$5,448","$5,268","$6,271","$6,015","$7,176","$6,509","$7,802","$7,155","$8,563","$5,268","$6,542","$6,348","$6,928","131,567"
NATIONAL CITY PUBLIC LIBRARY,"$7,288","$13,657",,,"$3,766","$8,604","$3,737","$4,544","$3,737","$4,544",,,,,"$5,156","$6,269",,,,,"62,749"
NEVADA COUNTY LIBRARY,"$9,360","$11,426","$4,864","$5,938",,,"$2,824","$3,448",,,"$4,424","$5,401","$4,889","$5,968","$5,678","$6,931","$4,004","$4,889",,,"97,466"
NEWPORT BEACH PUBLIC LIBRARY,"$12,863","$19,293","$10,199","$12,399","$6,279","$8,834","$3,440","$4,837",,,"$5,191","$7,302","$5,704","$8,034","$5,704","$8,034","$4,415","$6,209","$4,943","$6,955","85,865"
OAKLAND PUBLIC LIBRARY,"$13,089","$19,634","$13,845","$17,001","$8,498","$10,433","$3,377","$4,144","$10,848","$13,320","$6,484","$7,965","$6,994","$8,590","$7,963","$9,778","$5,437","$6,675","$11,961","$14,686","459,396"
OCEANSIDE PUBLIC LIBRARY,"$11,481","$16,072",,,"$7,916","$10,601","$3,026","$4,051","$5,353","$7,174","$4,141","$5,550","$4,555","$6,101","$4,864","$7,857","$3,328","$4,449","$4,507","$6,042","176,754"
ONTARIO CITY LIBRARY,"$9,973","$12,120","$7,341","$8,923",,,"$2,778","$3,374","$3,835","$4,710","$4,643","$5,696","$5,104","$6,269","$5,901","$7,206","$3,373","$4,099","$6,882","$8,363","182,004"
ORANGE COUNTY PUBLIC LIBRARIES,"$10,429","$19,779","$8,592","$15,086","$6,872","$12,214","$2,823","$3,809",,,"$5,269","$7,104","$5,876","$7,916","$6,201","$8,358","$3,064","$4,128","$4,943","$9,824","1,614,627"
ORANGE PUBLIC LIBRARY,"$11,082","$14,211","$7,934","$10,174",,,,,"$4,538","$5,820","$4,538","$5,820","$5,015","$6,431","$5,541","$7,105","$3,718","$4,767","$6,696","$8,588","137,366"
ORLAND FREE LIBRARY,"$5,330","$6,479",,,,,"$1,060","$1,092",,,"$2,890","$3,513",,,,,"$2,890","$3,513",,,"15,987"
OXNARD PUBLIC LIBRARY,"$6,086","$10,129",,,,,,,,,"$3,934","$6,103","$4,371","$6,781","$4,808","$7,459","$2,675","$4,596",,,"204,675"
PACIFIC GROVE PUBLIC LIBRARY,"$10,154","$13,607",,,,,"$3,033","$3,689",,,"$5,231","$6,847",,,,,"$4,040","$5,288",,,"15,536"
PALM SPRINGS PUBLIC LIBRARY,"$9,856","$13,580",,,"$6,164","$8,286",,,,,"$5,584","$7,509",,,,,"$3,207","$4,316","$5,867","$7,888","47,754"
PALMDALE CITY LIBRARY*,Unavailable,Unavailable,Unavailable,Unavailable,Unavailable,Unavailable,Unavailable,Unavailable,Unavailable,Unavailable,Unavailable,Unavailable,Unavailable,Unavailable,Unavailable,Unavailable,Unavailable,Unavailable,Unavailable,Unavailable,"156,074"
PALO ALTO CITY LIBRARY,"$12,267","$18,400",,,"$8,299","$12,448","$1,831","$2,248","$4,982","$6,114","$5,543","$6,803","$6,295","$7,726","$6,205","$9,306","$4,715","$5,784","$7,245","$10,866","67,657"
PALO VERDE VALLEY LIBRARY DISTRICT,"$5,017","$5,017","$4,335","$4,335",,,,,,,,,,,,,,,,,"22,281"
PALOS VERDES LIBRARY DISTRICT,"$14,739","$14,739","$11,552","$14,428","$10,210","$12,751","$3,802","$4,740","$7,226","$9,024","$6,231","$7,781","$6,877","$8,589","$7,591","$9,481","$4,867","$6,079","$7,591","$9,481","66,912"
PASADENA PUBLIC LIBRARY,"$13,151","$16,439","$10,959","$13,699","$9,058","$11,322","$3,786","$4,728","$5,183","$7,208","$5,078","$6,348",,,"$5,906","$7,363","$4,319","$5,394","$7,226","$9,032","145,306"
PASO ROBLES CITY LIBRARY,"$9,256","$11,762",,,,,,,,,,,"$5,256","$6,675",,,"$4,263","$5,415","$5,256","$6,675","31,073"
PLACENTIA LIBRARY DISTRICT,"$14,250","$14,250","$8,008","$10,244","$3,468","$4,437","$2,976","$3,807","$5,664","$7,246","$4,815","$6,160","$5,664","$7,246",,,"$3,920","$5,015","$6,229","$7,969","51,173"
PLACER COUNTY LIBRARY,"$10,124","$12,301","$8,001","$9,991","$6,757","$8,438","$3,069","$4,226",,,"$4,999","$6,242","$5,509","$6,881","$6,075","$7,587","$4,418","$5,517","$7,242","$9,045","201,687"
PLEASANTON PUBLIC LIBRARY,"$16,197","$16,197","$12,752","$12,752","$8,021","$9,750","$4,936","$5,997",,,,,"$6,940","$8,436",,,"$5,694","$6,917",,,"78,371"
PLUMAS COUNTY LIBRARY,"$5,410","$6,580",,,,,,,,,,,,,,,,,,,"21,305"
POMONA PUBLIC LIBRARY,"$10,072","$13,497",,,,,,,,,"$4,678","$5,687","$5,164","$6,277",,,"$3,655","$4,442","$7,669","$9,319","151,319"
PORTERVILLE PUBLIC LIBRARY,"$5,708","$6,965",,,,,,,,,,,,,,,,,,,"59,571"
RANCHO CUCAMONGA PUBLIC LIBRARY,"$10,012","$14,195","$8,158","$11,004","$5,872","$7,918","$2,778","$3,747","$4,598","$6,203","$4,121","$5,558","$4,598","$6,203","$4,858","$6,551","$3,023","$4,079","$3,711","$5,005","175,131"
RANCHO MIRAGE PUBLIC LIBRARY,"$14,655","$14,665","$8,897","$9,119",,,"$4,087","$5,083","$6,064","$6,216","$2,052","$2,052","$4,853","$4,853","$6,427","$6,589","$1,900","$1,900",,,"18,799"
REDONDO BEACH PUBLIC LIBRARY,"$9,042","$12,788",,,,,"$3,394","$3,871",,,,,"$5,069","$6,546","$5,776","$7,452",,,"$4,992","$6,076","66,484"
REDWOOD CITY PUBLIC LIBRARY,"$14,355","$19,320",,,"$11,189","$13,422","$4,857","$5,901","$6,956","$8,455","$6,549","$7,961","$7,200","$8,756",,,"$5,876","$7,142","$11,189","$13,422","85,182"
RICHMOND PUBLIC LIBRARY,"$10,728","$17,078",,,"$7,158","$8,657",,,"$4,274","$5,197","$5,077","$6,047","$5,543","$6,628",,,"$3,612","$5,434","$6,670","$8,056","110,130"
RIVERSIDE COUNTY LIBRARY SYSTEM*,Unavailable,Unavailable,Unavailable,Unavailable,Unavailable,Unavailable,Unavailable,Unavailable,Unavailable,Unavailable,Unavailable,Unavailable,Unavailable,Unavailable,Unavailable,Unavailable,Unavailable,Unavailable,Unavailable,Unavailable,"1,367,182"
RIVERSIDE PUBLIC LIBRARY,"$11,084","$15,928","$9,611","$13,434",,,,,"$5,318","$7,124","$4,596","$6,464","$4,167","$5,065","$5,056","$7,110","$3,779","$4,596","$7,409","$11,420","324,302"
ROSEVILLE PUBLIC LIBRARY,"$7,680","$10,293",,,"$5,687","$7,609","$2,841","$4,397",,,"$3,980","$5,600",,,"$4,738","$6,160","$3,569","$5,022",,,"146,875"
SACRAMENTO PUBLIC LIBRARY,"$15,483","$21,525","$8,356","$15,237","$8,356","$15,237","$3,085","$4,134","$3,945","$6,450","$5,290","$7,089","$6,384","$8,555","$6,919","$9,273","$3,387","$4,538","$8,356","$15,237","1,478,711"
SALINAS PUBLIC LIBRARY,"$11,771","$14,309","$7,192","$9,179","$6,554","$8,367","$2,943","$3,756","$5,032","$6,424","$4,202","$5,362",,,"$4,521","$5,770","$3,341","$4,264","$6,523","$8,326","160,206"
SAN ANSELMO PUBLIC LIBRARY,"$11,614","$11,614",,,,,"$4,066","$4,942",,,"$5,226","$6,353","$5,852","$7,112",,,"$4,372","$5,315",,,"12,689"
SAN BENITO COUNTY FREE LIBRARY,"$9,454","$9,454",,,,,"$3,657","$3,657",,,"$3,564","$3,564","$5,075","$5,075",,,"$4,278","$4,278",,,"61,375"
SAN BERNARDINO COUNTY LIBRARY,"$12,747","$22,143",,"$16,195","$6,329","$9,100",,,"$5,131","$7,261","$3,912","$5,796","$4,581","$6,694","$3,481","$4,791","$3,135","$4,790",,,"1,271,448"
SAN BERNARDINO PUBLIC LIBRARY,"$10,278","$12,493",,,,,,,"$4,864","$5,912","$3,984","$4,843",,,,,,,"$4,402","$5,351","216,291"
SAN BRUNO PUBLIC LIBRARY,"$9,371","$11,499",,,"$8,685","$10,657",$935,"$1,083",,,"$5,565","$6,830","$6,399","$7,853",,,"$4,872","$5,978","$5,601","$6,873","44,936"
SAN DIEGO COUNTY LIBRARY,"$13,378","$21,713","$10,594","$14,544","$7,433","$9,883","$3,767","$4,626","$3,158","$6,770","$4,836","$5,947","$5,351","$6,571","$5,892","$7,235","$4,697","$5,692","$6,944","$9,303","1,100,872"
SAN DIEGO PUBLIC LIBRARY,"$11,000","$14,971","$10,672","$10,672","$6,900","$8,329","$2,865","$3,466","$3,800","$4,580","$4,258","$4,905","$4,898","$5,609","$5,427","$6,585","$3,646","$4,395","$5,957","$7,218","1,411,034"
SAN FRANCISCO PUBLIC LIBRARY,"$18,120","$28,110","$13,856","$21,491","$11,148","$17,299","$4,299","$5,220","$7,495","$9,291","$7,228","$8,785","$7,999","$9,724","$8,822","$10,723","$6,207","$7,544","$9,628","$14,941","875,010"
SAN JOSE PUBLIC LIBRARY,"$13,539","$21,161","$10,334","$16,098","$9,126","$13,938","$3,822","$4,895","$5,467","$6,645","$5,845","$7,105","$6,252","$7,606","$7,894","$9,617","$5,247","$6,375","$7,561","$9,213","1,029,782"
SAN JUAN BAUTISTA CITY LIBRARY,,,,,,,,,,,,,,,,,"$1,440","$1,760","$1,600","$1,920","2,151"
SAN LEANDRO PUBLIC LIBRARY,"$16,230","$16,230","$13,353","$13,353",,,"$3,222","$3,915",,,"$6,075","$7,384","$7,032","$8,548",,,"$4,318","$5,614",,,"87,289"
SAN LUIS OBISPO CITY-COUNTY LIBRARY,"$10,480","$13,373","$7,850","$10,018",,,"$3,669","$4,462","$7,173","$8,719","$4,460","$5,422","$4,945","$6,011","$5,441","$6,614","$3,669","$4,462",,,"240,099"
SAN MATEO COUNTY LIBRARIES,"$15,669","$19,586","$12,279","$15,350","$10,102","$12,627",,,"$7,030","$8,790","$5,859","$7,323","$6,389","$7,984","$8,729","$10,909","$4,734","$5,919","$10,608","$13,262","280,386"
SAN MATEO PUBLIC LIBRARY,"$16,971","$18,711","$12,839","$14,155","$7,631","$9,100",,,"$7,100","$8,464","$5,464","$6,514","$6,009","$7,170",,,"$5,174","$6,171","$6,009","$7,170","106,842"
SAN RAFAEL PUBLIC LIBRARY,"$13,283","$16,145","$10,600","$12,884","$6,487","$7,886","$2,683","$3,261",,,"$5,598","$6,804","$5,880","$7,147","$6,487","$7,886","$4,168","$5,067","$5,647","$6,864","59,016"
SANTA ANA PUBLIC LIBRARY,"$10,211","$14,428",,,"$5,925","$7,941",,,,,"$5,296","$7,098",,,"$5,925","$7,941","$3,279","$4,397","$8,413","$12,490","331,369"
SANTA BARBARA PUBLIC LIBRARY,"$13,407","$16,296",,,"$7,241","$8,801","$3,973","$4,172","$6,788","$8,251","$5,094","$5,349","$5,600","$5,880","$6,586","$8,006","$4,638","$4,870",,,"123,829"
SANTA CLARA CITY LIBRARY,"$17,367","$22,475","$13,895","$17,892","$10,854","$14,048",,,,,"$6,797","$8,653","$7,496","$9,533",,,"$5,848","$7,496","$8,237","$10,583","130,746"
SANTA CLARA COUNTY LIBRARY,"$16,033","$20,574","$13,468","$17,279","$10,567","$12,845","$4,420","$5,319","$14,041","$17,067","$6,163","$7,455","$6,491","$7,858","$10,059","$12,227","$4,674","$6,358","$11,842","$15,178","438,509"
SANTA CLARITA PUBLIC LIBRARY,"$10,283","$12,841",,,,,,,"$5,697","$6,924","$5,280","$6,593",,,,,"$3,830","$4,782","$6,593","$8,233","221,572"
SANTA CRUZ PUBLIC LIBRARIES,"$11,839","$15,107","$8,810","$11,923","$6,502","$8,799","$2,686","$3,967","$3,799","$5,893","$4,058","$5,492","$3,864","$5,230","$4,341","$5,876","$3,038","$4,489","$3,325","$4,912","209,749"
SANTA FE SPRINGS CITY LIBRARY,"$7,531","$9,332",,,,,"$3,236","$4,003",,,"$5,251","$6,504","$5,633","$6,990","$6,005","$7,487",,,,,"18,129"
SANTA MARIA PUBLIC LIBRARY,"$12,953","$15,744",,,,,"$2,154","$2,618",,,"$4,475","$5,439","$4,944","$6,010","$8,339","$10,136","$4,153","$7,528","$6,193","$7,528","158,581"
SANTA MONICA PUBLIC LIBRARY,"$13,306","$16,427","$10,970","$13,543","$10,101","$12,470","$4,366","$5,390",,,"$5,700","$7,037","$6,486","$8,008","$7,455","$9,204","$4,978","$6,146","$7,889","$9,740","92,968"
SAUSALITO PUBLIC LIBRARY,"$10,461","$12,425","$5,576","$7,471",,,,,,,"$4,953","$6,637",,,,,"$3,897","$4,737","$4,590","$5,579","7,355"
SHASTA PUBLIC LIBRARIES*,Unavailable,Unavailable,Unavailable,Unavailable,Unavailable,Unavailable,Unavailable,Unavailable,Unavailable,Unavailable,Unavailable,Unavailable,Unavailable,Unavailable,Unavailable,Unavailable,Unavailable,Unavailable,Unavailable,Unavailable,"177,797"
SIERRA MADRE PUBLIC LIBRARY,"$6,494","$8,110",,,,,,,,,"$4,441","$5,398",,,"$5,395","$6,737","$2,951","$3,586",,,"10,655"
SIGNAL HILL PUBLIC LIBRARY,,,,,,,,,,,,,,,,,"$3,359","$4,288","$5,505","$7,026","11,617"
SIMI VALLEY PUBLIC LIBRARY*,Unavailable,Unavailable,Unavailable,Unavailable,Unavailable,Unavailable,Unavailable,Unavailable,Unavailable,Unavailable,Unavailable,Unavailable,Unavailable,Unavailable,Unavailable,Unavailable,Unavailable,Unavailable,Unavailable,Unavailable,"124,468"
SISKIYOU COUNTY FREE LIBRARY,"$5,401","$6,893",,,,,,,,,,,,,,,"$2,657","$3,312",,,"44,330"
SOLANO COUNTY LIBRARY,"$12,371","$15,038","$10,310","$12,531","$7,486","$9,100","$3,049","$4,331","$4,966","$6,036","$4,663","$5,668","$5,387","$6,548","$6,764","$8,222","$4,663","$5,668","$7,273","$8,840","411,416"
SONOMA COUNTY LIBRARY,"$14,163","$17,687","$11,242","$14,040","$9,724","$12,145","$3,283","$4,101","$6,881","$8,594","$5,509","$6,878","$5,784","$7,225","$7,413","$9,258","$4,637","$5,795","$9,031","$11,279","484,207"
SOUTH PASADENA PUBLIC LIBRARY,"$8,453","$11,328",,,"$6,446","$7,836","$3,055","$3,714",,,"$5,195","$6,315",,,,,"$4,232","$5,144","$4,263","$5,182","25,668"
SOUTH SAN FRANCISCO PUBLIC LIBRARY,"$16,371","$19,810","$10,424","$12,672","$8,268","$10,048","$3,101","$3,770",,,"$5,524","$6,713","$6,079","$7,387","$8,268","$10,048","$4,796","$5,822","$8,268","$10,048","67,135"
ST. HELENA PUBLIC LIBRARY,"$9,883","$12,012",,,,,"$3,171","$3,855",,,"$4,619","$5,614","$5,080","$6,175","$5,588","$6,792","$3,820","$5,110",,,"6,070"
STANISLAUS COUNTY FREE LIBRARY,"$8,916","$13,374",,,"$5,571","$8,355","$3,366","$4,091",,,"$4,231","$5,143","$4,699","$5,711","$5,488","$6,670","$2,846","$3,826","$5,571","$8,355","555,968"
STOCKTON-SAN JOAQUIN COUNTY PUBLIC LIBRARY,"$10,757","$13,806","$9,010","$11,567","$6,637","$8,520","$3,345","$4,294",,,"$4,335","$5,565","$5,293","$6,796","$5,763","$7,384","$3,411","$4,378","$6,702","$8,604","714,783"
SUNNYVALE PUBLIC LIBRARY,"$22,149","$26,579","$12,766","$15,019",,,,,,,"$6,443","$8,223",,,,,"$5,254","$6,705","$9,419","$11,635","153,827"
SUTTER COUNTY LIBRARY,"$6,775","$9,163",,,,,"$2,558","$3,701",,,,,"$2,863","$4,134",,,"$3,364","$4,875","$4,127","$5,922","101,289"
TEHAMA COUNTY LIBRARY,"$7,247","$7,704",,,,,"$2,030","$2,354",,,"$2,941","$3,581",,,,,"$2,941","$3,581",,,"65,354"
THOUSAND OAKS LIBRARY,"$12,016","$18,024","$8,822","$13,234","$7,230","$10,846","$3,296","$4,418","$5,538","$7,421","$4,969","$7,454","$5,491","$8,236","$5,925","$8,888","$4,446","$5,959",,,"125,426"
TORRANCE PUBLIC LIBRARY,"$12,343","$14,812","$9,578","$11,493",,,"$1,127","$1,213",,,"$5,080","$6,656",,,"$6,450","$7,460","$3,512","$5,458",,,"144,832"
TRINITY COUNTY FREE LIBRARY,"$7,253","$7,361",,,,,"$3,599","$3,859",,,,,,,,,,,,,"13,535"
TULARE COUNTY FREE LIBRARY,"$10,027","$15,041","$7,162","$10,743","$5,126","$6,862",,,"$3,986","$4,858","$3,477","$4,237","$3,956","$4,822","$4,372","$5,328","$2,652","$3,519","$5,349","$6,518","352,916"
TULARE PUBLIC LIBRARY,,,,,,,,,,,,,,,"$4,680","$5,688","$3,156","$4,196","$6,871","$8,352","69,246"
TUOLUMNE COUNTY LIBRARY,"$6,421","$7,839",,,"$5,208","$6,357","$2,428","$2,964",,,"$3,547","$4,330","$3,919","$4,784",,,"$2,552","$3,803","$4,713","$5,754","53,465"
UPLAND PUBLIC LIBRARY*,Unavailable,Unavailable,Unavailable,Unavailable,Unavailable,Unavailable,Unavailable,Unavailable,Unavailable,Unavailable,Unavailable,Unavailable,Unavailable,Unavailable,Unavailable,Unavailable,Unavailable,Unavailable,Unavailable,Unavailable,"78,513"
VENTURA COUNTY LIBRARY,"$14,666","$16,604","$8,384","$11,738","$5,910","$8,274","$3,129","$4,373","$4,743","$6,671","$4,706","$6,585","$5,189","$7,263","$5,559","$7,780","$3,663","$5,129","$6,831","$9,565","244,274"
VICTORVILLE CITY LIBRARY,"$8,352","$10,152",,,"$6,688","$8,129","$2,548","$2,548",,,"$4,851","$5,897",,,,,"$2,123","$2,123",,,"127,170"
WATSONVILLE PUBLIC LIBRARY,"$11,170","$14,969",,,,,"$3,248","$4,353","$5,310","$7,116",,,,,"$4,952","$6,637","$3,827","$5,128","$4,759","$6,378","51,366"
WHITTIER PUBLIC LIBRARY,"$10,281","$12,850","$7,484","$9,727","$7,127","$9,264","$3,126","$3,990",,,"$4,545","$5,800","$4,996","$6,377","$5,265","$6,845","$3,686","$4,704","$5,161","$6,709","86,196"
WILLOWS PUBLIC LIBRARY,"$5,330","$6,479",,,,,"$1,064","$1,293",,,,,,,,,"$2,619","$3,183",,,"13,693"
WOODLAND PUBLIC LIBRARY,"$8,006","$10,277",,,,,"$2,947","$3,762",,,"$4,692","$5,989","$5,180","$6,611","$5,717","$7,297","$3,951","$4,583","$4,485","$5,724","60,978"
YOLO COUNTY LIBRARY,"$12,239","$14,877","$7,729","$9,394","$6,306","$7,665","$2,953","$3,589","$6,898","$8,385","$4,048","$4,920","$4,988","$6,063","$5,628","$6,841","$3,721","$4,523","$8,061","$9,798","156,522"
YORBA LINDA PUBLIC LIBRARY,"$12,262","$14,905","$8,525","$10,362","$6,501","$7,902","$3,219","$3,912","$6,501","$7,902","$5,149","$6,258","$5,909","$7,182",,,"$4,516","$5,489",,,"67,846"
YUBA COUNTY LIBRARY,,,,,,,"$2,609","$3,392",,,,,"$3,943","$5,126",,,"$3,023","$3,930","$5,458","$7,096","79,407"
California State Library,,,,,,,,,,,,,,,,,,,,,"39,911,741"
,,,,,,,,,,,,,,,,,,,,,
Average,"$10,799","$13,624","$9,347","$12,024","$7,499","$9,699","$3,050","$3,798","$5,814","$7,306","$4,854","$6,104","$5,357","$6,689","$6,051","$7,578","$3,719","$4,696","$6,242","$8,044","428,991"
Max,"$22,149","$28,110","$14,042","$21,839","$12,151","$18,898","$5,715","$5,997","$14,041","$17,067","$7,228","$8,785","$8,201","$9,724","$10,059","$12,227","$6,207","$7,544","$11,961","$15,237","39,911,741"
Min,"$1,600","$1,600","$4,335","$4,335","$3,468","$4,437",$935,"$1,083","$3,158","$4,286","$1,920","$2,052","$1,971","$2,517","$3,481","$3,737","$1,079","$1,154","$1,504","$1,700","1,135"
Median,"$10,473","$13,670","$9,023","$11,826","$7,160","$9,100","$3,072","$3,935","$5,366","$6,935","$4,923","$6,276","$5,298","$6,694","$5,793","$7,374","$3,669","$4,745","$5,983","$7,888","82,814"
,,,,,,,,,,,,,,,,,,,,,
*Library Systems & Services library-information unavailable,,,,,,,,,,,,,,,,,,,,,
